kod_consumer,date_zamer,type_zamer,a1,a2,a3,a4,a5,a6,a7,a8,a9,a10,a11,a12,a13,a14,a15,a16,a17,a18,a19,a20,a21,a22,a23,a24,a_cyt
72333601,2019-06-19,акт,12,12,12,12,12,6,6,8,16,36,402,164,24,34,28,22,16,14,12,78,500,192,14,14,1646
72330006,2019-06-19,акт,22,28,22,20,22,20,28,20,24,26,24,32,28,28,28,28,36,28,24,24,24,24,16,16,592
72330005,2019-06-19,акт,4,5,4,4,2,2,2,2,5,64,98,10,6,6,8,7,14,8,7,6,5,5,5,4,283
72330004,2019-06-19,акт,103,99,96,94,93,74,70,82,108,117,125,130,124,137,158,171,170,137,131,113,99,120,130,120,2801
72314400,2019-06-19,акт,400,360,200,200,200,200,240,680,720,720,680,320,720,760,720,520,120,80,80,40,40,80,280,160,8520
72310400,2019-06-19,акт,244,252,246,234,236,203,212,243,276,1431,699,248,245,255,240,294,286,262,261,261,271,1151,337,231,8618
72310401,2019-06-19,акт,40788,40920,40788,40656,40788,40656,40788,40656,40656,40656,40656,40656,40656,40524,40524,40524,40524,40524,40392,40524,40524,40392,40524,40260,974556
72303300,2019-06-19,акт,100,90,100,90,90,80,100,50,60,60,100,130,110,110,130,100,110,90,60,60,50,60,50,50,2030
72304000,2019-06-19,акт,255,255,255,255,255,255,255,255,255,255,255,255,255,255,255,255,255,255,255,255,255,255,255,255,6120
72301100,2019-06-19,акт,39700,37800,35100,34700,37600,41200,45900,48800,48800,54300,58000,63900,64200,60100,59900,55600,54700,53700,53800,53300,55400,59000,53700,45800,1215000
72301200,2019-06-19,акт,35504,33805,31390,31032,33626,36845,41048,43642,43642,48560,51869,57146,57414,53747,53569,49723,48918,48024,48113,47666,49544,52764,48024,40959,1086574
72301700,2019-06-19,акт,4196,3995,3710,3668,3974,4355,4852,5158,5158,5740,6131,6754,6786,6353,6331,5877,5782,5676,5687,5634,5856,6236,5676,4841,128426
72301800,2019-06-19,акт,370,370,370,370,370,370,370,370,370,370,370,370,370,370,370,370,370,370,370,370,370,370,370,370,8880
72303200,2019-06-19,акт,-6794,-8586,-10703,-10903,-8442,-5021,-1023,1276,1152,4825,8460,14831,14876,11268,11108,7432,7017,6256,6521,5935,7406,10115,6043,-521,72528
152130013,2019-06-19,акт,396,396,396,424,527,544,626,857,883,811,793,644,627,609,608,619,607,605,657,728,554,492,396,396,14195
152135700,2019-06-19,акт,40,40,40,40,40,40,40,40,40,40,40,40,40,40,40,40,40,40,40,40,40,40,40,40,960
152133600,2019-06-19,акт,10,11,10,10,9,9,7,25,35,35,21,43,41,51,39,45,24,31,27,29,16,17,13,12,570
152115200,2019-06-19,акт,184,196,200,208,200,190,196,180,90,100,90,80,50,150,160,190,200,160,190,130,140,170,180,190,3824
152104000,2019-06-19,акт,474,451,420,413,451,489,550,581,581,650,696,764,764,718,718,665,650,642,642,634,657,703,642,550,14505
152101100,2019-06-19,акт,6200,5900,5500,5400,5900,6400,7200,7600,7600,8500,9100,10000,10000,9400,9400,8700,8500,8400,8400,8300,8600,9200,8400,7200,189800
152101200,2019-06-19,акт,5524,5256,4900,4811,5256,5702,6414,6771,6771,7573,8107,8909,8909,8374,8374,7751,7573,7484,7484,7394,7662,8196,7484,6414,169093
152101700,2019-06-19,акт,676,644,600,589,644,698,786,829,829,927,993,1091,1091,1026,1026,949,927,916,916,906,938,1004,916,786,20707
152101600,2019-06-19,акт,2,3,2,3,2,3,2,3,2,2,2,3,2,3,2,3,2,2,2,3,2,3,2,3,58
152103200,2019-06-19,акт,4418,4159,3832,3713,4027,4427,4993,5085,5140,5935,6465,7335,7385,6803,6807,6189,6050,6004,5926,5830,6253,6771,6211,5223,134981
152230000,2019-06-19,акт,12,11,10,11,6,3,3,4,6,18,3,4,3,5,4,3,3,2,6,4,12,5,9,11,158
152230006,2019-06-19,акт,1157,1254,1191,1221,1256,1142,1089,1168,1211,1057,1164,1087,1093,1131,1104,1089,1188,1097,1088,1147,1124,1023,1200,1079,27360
152230003,2019-06-19,акт,200,200,180,180,200,250,400,620,700,720,600,600,550,600,650,650,650,600,600,700,700,700,680,450,12380
152233603,2019-06-19,акт,208,216,174,144,214,224,171,93,154,203,201,173,167,129,51,66,72,163,172,218,136,132,164,181,3826
152210400,2019-06-19,акт,150,180,150,150,180,150,180,180,210,540,420,240,210,210,240,210,210,210,210,210,270,570,300,180,5760
152230007,2019-06-19,акт,3,4,4,4,3,3,3,3,5,18,10,5,4,5,4,4,3,3,3,3,9,3,1,4,111
152204002,2019-06-19,акт,238,238,231,231,238,217,224,266,357,371,378,371,329,357,378,364,350,259,238,259,238,245,252,245,6874
152289905,2019-06-19,акт,37,37,37,37,37,37,32,38,58,89,113,54,169,113,111,120,59,164,52,95,122,67,58,22,1758
152204000,2019-06-19,акт,293,282,259,255,278,305,339,362,362,404,430,472,476,446,442,411,404,396,400,396,411,438,396,339,8996
152201100,2019-06-19,акт,7700,7400,6800,6700,7300,8000,8900,9500,9500,10600,11300,12400,12500,11700,11600,10800,10600,10400,10500,10400,10800,11500,10400,8900,236200
152201200,2019-06-19,акт,6884,6616,6079,5989,6526,7153,7958,8496,8496,9480,10107,11091,11181,10465,10375,9659,9480,9301,9391,9301,9659,10286,9301,7958,211232
152201700,2019-06-19,акт,808,776,713,703,766,839,934,996,996,1112,1185,1301,1311,1227,1217,1133,1112,1091,1101,1091,1133,1206,1091,934,24776
152201600,2019-06-19,акт,8,8,8,8,8,8,8,8,8,8,8,8,8,8,8,8,8,8,8,8,8,8,8,8,192
152203200,2019-06-19,акт,4586,4194,3843,3756,4114,4822,5517,5762,5433,6060,6788,8085,8180,7469,7391,6742,6541,6407,6622,6269,6637,7103,6241,5447,144009
72430008,2019-06-19,акт,1011,948,1059,1089,1083,1092,1269,438,411,288,333,381,519,486,513,534,1302,1299,1200,1044,1017,1026,1008,969,20319
72404003,2019-06-19,акт,30,30,0,30,0,30,0,30,30,1230,150,30,0,30,30,30,30,0,0,120,1410,270,30,30,3570
72403300,2019-06-19,акт,72,72,72,72,72,78,84,84,84,84,78,84,84,84,72,72,72,84,84,90,90,90,84,72,1914
72489905,2019-06-19,акт,86,84,82,83,82,80,84,88,133,174,180,179,144,156,176,180,174,176,160,96,92,88,88,83,2948
72404000,2019-06-19,акт,132,126,116,116,124,137,153,161,161,180,193,211,213,199,199,184,182,178,178,176,184,197,178,151,4029
72401100,2019-06-19,акт,6400,6100,5600,5600,6000,6600,7400,7800,7800,8700,9300,10200,10300,9600,9600,8900,8800,8600,8600,8500,8900,9500,8600,7300,194700
72401200,2019-06-19,акт,5735,5466,5018,5018,5376,5914,6630,6987,6986,7793,8332,9139,9229,8597,8597,7971,7882,7703,7707,7617,7975,8513,7707,6542,174434
72401700,2019-06-19,акт,661,630,578,578,620,682,764,806,806,899,961,1054,1064,992,992,919,909,888,888,878,919,981,888,754,20111
72401800,2019-06-19,акт,4,4,4,4,4,4,6,7,8,8,7,7,7,11,11,10,9,9,5,5,6,6,5,4,155
72403200,2019-06-19,акт,4404,4206,3689,3628,4015,4497,5040,6186,6167,5837,7398,8254,8269,7642,7607,6971,6122,5966,6085,6091,5182,6842,6319,5237,141654
73430004,2019-06-19,акт,430,420,440,430,420,418,435,460,610,590,630,620,590,630,620,630,620,610,580,530,510,490,450,430,12593
73473001,2019-06-19,акт,121,81,201,81,121,80,0,80,200,203,204,204,3,80,203,124,202,0,0,0,1,1,201,201,2592
73410400,2019-06-19,акт,6,6,6,6,4,4,4,12,158,220,148,60,4,4,4,4,4,6,10,138,222,128,6,6,1170
73404002,2019-06-19,акт,120,0,120,0,120,120,120,240,120,120,240,240,120,240,120,240,240,120,240,120,120,360,120,120,3720
73489908,2019-06-19,акт,214,214,214,231,231,247,264,231,280,280,330,280,264,231,247,231,198,148,148,132,148,214,247,247,5471
73430000,2019-06-19,акт,28,28,28,28,28,28,28,25,77,78,88,82,125,115,115,54,54,51,72,72,72,72,72,72,1492
73430007,2019-06-19,акт,2,2,2,2,3,0,0,5,30,46,86,82,56,90,70,77,82,60,47,32,20,0,2,2,798
73441200,2019-06-19,акт,101,107,99,98,108,110,123,130,140,140,148,144,140,130,142,140,130,120,138,142,144,108,100,102,2984
73489919,2019-06-19,акт,4,3,4,6,3,1,1,161,139,75,94,132,142,128,132,140,139,136,76,22,12,3,1,1,1555
73415200,2019-06-19,акт,463,444,406,435,366,380,524,251,196,250,275,250,241,213,278,253,282,314,249,120,92,159,154,143,6738
73433600,2019-06-19,акт,2545,2504,2424,2491,2544,2447,2428,2299,2053,2070,2531,2595,2512,2551,2569,2532,2556,2425,2102,2035,2085,2119,2092,2399,56908
73430008,2019-06-19,акт,48,36,36,36,36,48,60,60,72,72,84,48,120,156,132,108,84,72,60,60,48,48,36,36,1596
73417602,2019-06-19,акт,27,24,20,16,15,11,16,60,43,32,42,48,52,52,70,60,80,39,72,58,28,30,65,65,1025
73430011,2019-06-19,акт,157,71,118,40,87,92,218,233,204,257,359,210,246,260,255,274,182,99,108,197,109,94,62,62,3994
73415207,2019-06-19,акт,16,16,15,7,8,1,4,4,4,80,76,74,76,59,16,16,13,14,13,16,20,18,20,20,606
73401100,2019-06-19,акт,17100,16300,15100,15000,16200,17800,19800,21100,21100,23400,25000,27600,27700,25900,25800,24000,23600,23200,23200,23000,23900,25500,23200,19700,524200
73401700,2019-06-19,акт,1710,1630,1510,1500,1620,1780,1980,2110,2110,2340,2500,2760,2770,2590,2580,2400,2360,2320,2320,2300,2390,2550,2320,1970,52420
73401200,2019-06-19,акт,15390,14670,13590,13500,14580,16020,17820,18990,18990,21060,22500,24840,24930,23310,23220,21600,21240,20880,20880,20700,21510,22950,20880,17730,471780
73401600,2019-06-19,акт,5,5,5,5,5,5,5,5,5,5,5,5,5,5,5,5,5,5,5,5,5,5,5,5,120
73404000,2019-06-19,акт,889,848,785,780,842,926,1029,1097,1097,1216,1300,1435,1440,1346,1341,1248,1227,1206,1206,1196,1242,1326,1206,1024,27252
73403200,2019-06-19,акт,10214,9861,8667,8808,9639,11102,12561,13637,13562,15326,15860,18331,18794,17020,16901,15464,15142,15455,15754,15825,16632,17775,16041,12795,341166
152333600,2019-06-19,акт,7,7,7,7,7,3,3,5,5,5,5,5,5,5,5,5,5,2,2,2,2,2,7,7,115
152330004,2019-06-19,акт,520,600,460,600,80,600,80,20,40,40,80,40,40,80,80,40,80,40,12,12,12,12,12,80,3660
152330006,2019-06-19,акт,1168,1679,1540,1522,1407,1189,1173,1480,1801,1895,1904,2036,1918,1898,1963,1859,1918,1818,1851,1864,1770,1754,1809,1804,41020
152310400,2019-06-19,акт,24792,24726,24773,24690,24667,24652,24624,24667,24585,24659,24685,24689,24731,24729,24712,24701,24725,24713,24699,24752,24736,24749,24736,24596,592788
152304000,2019-06-19,акт,354,337,312,310,336,368,409,435,435,485,517,571,572,536,535,496,488,480,481,476,494,527,480,408,10842
152301100,2019-06-19,акт,25600,24400,22600,22400,24300,26600,29600,31500,31500,35100,37400,41300,41400,38800,38700,35900,35300,34700,34800,34400,35700,38100,34700,29500,784300
152301200,2019-06-19,акт,22792,21724,20121,19943,21635,23682,26353,28045,28045,31250,33298,36770,36859,34544,34455,31962,31428,30894,30983,30627,31784,33921,30894,26264,698273
152301700,2019-06-19,акт,2808,2676,2479,2457,2665,2918,3247,3455,3455,3850,4102,4530,4541,4256,4245,3938,3872,3806,3817,3773,3916,4179,3806,3236,86027
152303200,2019-06-19,акт,-4049,-5626,-6972,-7186,-4863,-3130,63,1436,1177,4164,6105,9427,9591,7294,7159,4859,4211,3840,3936,3520,4769,6876,3849,-631,49819
72514500,2019-06-19,акт,76,74,73,72,72,77,80,170,588,682,715,650,237,468,492,485,478,266,168,104,97,92,90,88,6394
72514503,2019-06-19,акт,361,377,376,369,365,345,338,290,373,450,461,397,485,447,417,370,390,329,312,317,332,365,405,266,8937
72514502,2019-06-19,акт,36,36,36,36,36,42,54,66,90,102,96,90,96,84,90,84,66,78,66,54,48,36,36,36,1494
72515001,2019-06-19,акт,79,24,22,21,21,20,54,104,195,205,210,209,88,192,195,208,178,138,144,134,108,93,100,99,2841
72571700,2019-06-19,акт,40,40,40,40,40,40,40,40,240,240,240,240,40,240,240,240,240,40,40,40,40,40,40,40,2560
72530006,2019-06-19,акт,8,6,16,8,4,4,4,4,10,62,24,148,38,144,28,176,164,192,136,48,152,184,162,154,1876
72530005,2019-06-19,акт,56,18,10,10,13,10,13,14,105,208,196,186,35,147,148,135,126,92,112,72,32,93,113,113,2057
72530000,2019-06-19,акт,6,6,6,6,6,6,6,6,12,18,24,24,12,24,30,24,18,6,6,6,6,6,6,6,276
72530016,2019-06-19,акт,680,593,591,645,639,616,616,673,705,709,742,665,696,720,635,628,632,601,618,549,609,595,669,643,15469
72530012,2019-06-19,акт,422,405,386,401,452,444,438,470,442,438,408,366,430,408,430,412,459,442,433,459,407,391,393,375,10111
72530007,2019-06-19,акт,157,161,167,164,217,193,135,78,63,85,153,132,140,159,168,212,253,188,221,187,174,193,207,201,4008
72504016,2019-06-19,акт,124,108,90,86,86,88,96,96,86,114,142,114,104,134,170,132,114,110,108,86,104,108,118,122,2640
72589912,2019-06-19,акт,42,39,38,51,89,68,120,90,102,105,103,80,102,93,73,96,75,84,69,70,67,51,51,48,1806
72589903,2019-06-19,акт,100,100,100,100,100,100,100,100,150,150,200,200,200,100,200,200,200,200,150,150,200,200,200,200,3700
72504000,2019-06-19,акт,611,573,517,513,546,591,660,692,682,781,853,896,892,872,902,810,781,767,765,737,782,830,775,680,17508
72501100,2019-06-19,акт,8900,8500,7800,7800,8400,9200,10300,10900,10900,12200,13000,14300,14400,13500,13400,12400,12200,12000,12000,11900,12400,13200,12000,10200,271800
72501200,2019-06-19,акт,8060,7698,7064,7064,7607,8332,9329,9866,9860,11038,11763,12941,13037,12216,12119,11219,11047,10869,10869,10778,11231,11956,10869,9238,246070
72501700,2019-06-19,акт,837,799,733,733,790,865,968,1025,1025,1147,1222,1344,1354,1269,1260,1166,1147,1128,1128,1119,1166,1241,1128,959,25553
72501600,2019-06-19,акт,3,3,3,3,3,3,3,9,15,15,15,15,9,15,21,15,6,3,3,3,3,3,3,3,177
72503200,2019-06-19,акт,5338,5214,4672,4618,4997,5770,6669,7079,6347,7031,7532,8874,9578,8308,8231,7331,7179,7454,7627,7859,8161,8755,7580,6243,168447
72615200,2019-06-19,акт,353,340,342,347,339,332,327,377,395,350,394,380,348,380,376,380,354,365,373,368,309,318,285,296,8428
72615201,2019-06-19,акт,138,130,128,128,130,136,184,162,318,498,244,402,460,436,478,494,440,294,356,296,408,248,212,194,6914
72615202,2019-06-19,акт,975,957,960,960,938,908,813,798,912,935,972,926,943,934,737,878,940,929,942,928,899,913,808,916,21821
72615210,2019-06-19,акт,198,135,222,218,198,205,270,272,285,248,248,252,250,184,265,178,193,265,275,280,198,202,245,180,5466
72604001,2019-06-19,акт,90,90,90,90,90,90,90,110,140,180,180,160,120,170,170,160,140,110,120,110,100,100,110,100,2910
72630004,2019-06-19,акт,463,433,410,357,412,327,400,522,691,729,782,740,690,670,679,653,648,584,490,514,461,467,428,427,12977
72630011,2019-06-19,акт,242,91,86,79,69,86,256,373,367,361,351,351,366,366,368,362,355,358,354,358,329,330,300,344,6902
72630001,2019-06-19,акт,94,99,96,110,83,104,98,104,126,127,142,153,124,109,106,99,109,111,100,97,85,93,78,106,2553
72604000,2019-06-19,акт,474,452,419,414,452,496,550,583,583,648,692,763,768,719,719,665,654,643,643,637,665,708,643,550,14540
72601100,2019-06-19,акт,8700,8300,7700,7600,8300,9100,10100,10700,10700,11900,12700,14000,14100,13200,13200,12200,12000,11800,11800,11700,12200,13000,11800,10100,266900
72601200,2019-06-19,акт,7907,7543,6998,6907,7543,8271,9179,9725,9725,10815,11542,12723,12815,11996,11996,11087,10906,10724,10724,10633,11087,11814,10724,9179,242563
72601700,2019-06-19,акт,793,757,702,693,757,829,921,975,975,1085,1158,1277,1285,1204,1204,1113,1094,1076,1076,1067,1113,1186,1076,921,24337
72603200,2019-06-19,акт,4880,4816,4245,4204,4832,5587,6191,6424,5908,6739,7537,8596,8746,8028,8098,7218,7073,7065,7071,7045,7633,8435,7615,6066,160052
152430000,2019-06-19,акт,874,872,901,857,821,764,728,704,720,707,714,712,510,562,528,584,595,591,598,587,576,603,610,642,16360
152433600,2019-06-19,акт,14,14,14,14,13,13,16,30,60,57,56,53,51,43,39,35,32,33,32,31,32,32,31,31,776
152430010,2019-06-19,акт,366,367,382,379,375,356,330,359,352,368,374,369,368,354,339,345,339,335,325,300,334,364,369,377,8526
152403300,2019-06-19,акт,204,204,204,204,204,204,204,180,180,180,180,180,180,180,180,180,168,168,180,180,180,180,180,204,4488
152430007,2019-06-19,акт,659,622,573,568,561,582,664,707,1121,1077,1131,1149,1054,937,935,965,911,841,804,809,873,862,837,704,19946
152404000,2019-06-19,акт,659,622,573,568,561,582,664,707,1121,1077,1131,1149,1054,937,935,965,911,841,804,809,873,862,837,704,19946
152401100,2019-06-19,акт,4500,4300,4000,4000,4300,4700,5200,5600,5600,6200,6600,7300,7300,6900,6800,6400,6200,6100,6100,6100,6300,6700,6100,5200,138500
152401200,2019-06-19,акт,4046,3846,3546,3546,3846,4246,4746,4614,4614,5214,5349,6324,6027,5820,5614,5414,5214,5646,5646,5646,5846,6246,5646,4746,121448
152401700,2019-06-19,акт,452,452,452,452,452,452,452,975,975,975,1235,966,1255,1066,1171,975,975,452,452,452,452,452,452,452,16896
152401800,2019-06-19,акт,2,2,2,2,2,2,2,11,11,11,16,10,18,14,15,11,11,2,2,2,2,2,2,2,156
152403200,2019-06-19,акт,1270,1145,899,956,1311,1745,2140,1927,1060,1748,1763,2712,2810,2807,2658,2340,2258,2837,2903,2930,2978,3343,2782,2084,51406
152530006,2019-06-19,акт,300,240,150,420,300,300,210,240,180,330,510,270,270,330,270,300,330,270,270,210,330,270,270,330,6900
152589906,2019-06-19,акт,536,408,260,508,500,248,428,260,24,80,388,312,72,40,40,36,264,428,296,40,36,36,240,164,5644
152515205,2019-06-19,акт,6,6,6,6,6,6,6,6,12,60,60,252,252,252,252,252,252,270,6,6,6,180,6,6,2172
152533603,2019-06-19,акт,214,212,216,211,207,213,218,212,194,220,213,217,207,237,210,215,212,210,213,207,210,216,213,212,5109
152504000,2019-06-19,акт,366,351,320,320,342,381,419,449,449,502,533,586,586,556,548,510,502,495,495,487,510,541,495,419,11162
152501100,2019-06-19,акт,4800,4600,4200,4200,4500,5000,5500,5900,5900,6600,7000,7700,7700,7300,7200,6700,6600,6500,6500,6400,6700,7100,6500,5500,146600
152501200,2019-06-19,акт,4357,4157,3812,3812,4084,4538,4992,5355,5355,5990,6353,6989,6989,6626,6535,6081,5990,5900,5900,5809,6081,6444,5900,4992,133041
152501700,2019-06-19,акт,443,443,443,443,443,443,443,443,443,443,443,443,443,443,443,443,443,443,443,443,443,443,443,443,10632
152501800,2019-06-19,акт,0,0,0,0,0,1,1,1,1,1,1,1,1,1,1,1,1,1,1,1,1,1,0,0,17
152503200,2019-06-19,акт,2935,2940,2860,2347,2729,3389,3710,4187,4495,4797,4648,5351,5601,5210,5214,4767,4429,4226,4619,4858,4988,5200,4676,3861,102037
72730002,2019-06-19,акт,170,132,140,165,169,266,323,453,586,726,786,741,824,839,744,745,749,633,586,507,323,259,207,184,11257
72713100,2019-06-19,акт,304,341,422,445,421,408,388,442,110,133,133,473,549,647,622,819,646,532,565,505,29,27,37,401,9399
72730005,2019-06-19,акт,66,70,61,64,62,68,65,58,162,155,143,58,71,77,68,85,71,71,77,66,64,61,59,57,1859
72704004,2019-06-19,акт,103,95,97,94,97,84,101,106,101,99,97,100,66,80,98,96,93,98,99,76,68,91,113,115,2267
72704000,2019-06-19,акт,167,160,148,148,160,175,194,205,205,228,243,270,270,255,255,236,232,228,228,224,232,251,228,194,5136
72701100,2019-06-19,акт,4400,4200,3900,3900,4200,4600,5100,5400,5400,6000,6400,7100,7100,6700,6700,6200,6100,6000,6000,5900,6100,6600,6000,5100,135100
72701200,2019-06-19,акт,3917,3739,3472,3472,3739,4095,4541,4808,4808,5342,5698,6321,6321,5965,5965,5520,5431,5342,5342,5253,5431,5876,5342,4541,120281
72701700,2019-06-19,акт,480,458,425,426,458,502,556,585,585,651,695,771,772,728,728,673,662,651,655,644,666,721,655,556,14703
72701800,2019-06-19,акт,3,3,3,3,3,3,3,7,7,7,7,7,7,7,7,7,7,7,3,3,3,3,3,3,116
72703200,2019-06-19,акт,3106,2942,2604,2556,2831,3095,3470,3543,3643,4001,4296,4679,4541,4067,4178,3539,3640,3780,3787,3875,4715,5187,4698,3590,90363
72214100,2019-06-19,акт,49,49,49,46,47,50,288,663,722,725,489,528,602,503,375,437,392,286,287,238,139,142,142,132,7380
72215201,2019-06-19,акт,36,48,36,36,42,54,42,42,252,252,240,252,54,210,216,216,210,60,60,54,54,48,42,42,2598
72230006,2019-06-19,акт,60,60,48,36,72,84,84,96,108,108,180,204,216,228,192,168,144,132,108,72,24,24,12,12,2472
72289901,2019-06-19,акт,37,46,50,53,28,46,66,52,52,38,61,35,38,35,35,22,52,11,17,26,16,13,35,19,883
72204000,2019-06-19,акт,181,174,161,161,174,190,212,225,225,252,268,295,295,279,276,257,252,246,249,246,254,273,246,212,5603
72201100,2019-06-19,акт,6800,6500,6000,6000,6500,7100,7900,8400,8400,9400,10000,11000,11000,10400,10300,9600,9400,9200,9300,9200,9500,10200,9200,7900,209200
72201200,2019-06-19,акт,6071,5803,5357,5357,5803,6339,7053,7500,7500,8393,8928,9821,9821,9285,9196,8571,8393,8214,8303,8214,8482,9107,8214,7053,186778
72201700,2019-06-19,акт,729,697,643,643,697,761,847,900,900,1007,1072,1179,1179,1115,1104,1029,1007,986,997,986,1018,1093,986,847,22422
72203200,2019-06-19,акт,5708,5426,5013,5025,5440,5915,6361,6422,6141,7018,7690,8507,8616,8030,8102,7471,7343,7479,7582,7578,7995,8607,7737,6636,167842
72830001,2019-06-19,акт,348,372,384,360,360,360,336,300,396,384,384,384,360,372,396,384,360,348,360,396,384,384,396,396,8904
72804000,2019-06-19,акт,78,75,69,69,72,81,90,96,96,105,114,126,126,117,117,108,108,105,105,105,108,114,105,90,2379
72801100,2019-06-19,акт,2600,2500,2300,2300,2400,2700,3000,3200,3200,3500,3800,4200,4200,3900,3900,3600,3600,3500,3500,3500,3600,3800,3500,3000,79300
72801200,2019-06-19,акт,2340,2250,2070,2070,2160,2430,2700,2880,2880,3150,3420,3780,3780,3510,3510,3240,3240,3150,3150,3150,3240,3420,3150,2700,71370
72801700,2019-06-19,акт,260,250,230,230,240,270,300,320,320,350,380,420,420,390,390,360,360,350,350,350,360,380,350,300,7930
72801600,2019-06-19,акт,70,70,70,70,70,71,73,73,72,72,72,72,72,72,72,72,71,71,70,70,70,70,70,70,1705
72803200,2019-06-19,акт,1844,1733,1547,1571,1658,1918,2201,2411,2316,2589,2850,3198,3222,2949,2925,2676,2701,2626,2615,2579,2678,2852,2579,2144,58382
152630021,2019-06-19,акт,286,235,212,208,255,273,303,310,490,547,583,610,670,700,715,556,576,476,386,374,353,343,362,237,10060
152689903,2019-06-19,акт,80,60,40,60,50,90,100,100,150,150,200,180,180,160,200,140,120,110,100,60,80,60,40,50,2560
152630022,2019-06-19,акт,520,530,530,530,530,530,535,605,720,745,780,785,800,805,810,820,815,800,810,810,815,820,825,760,17030
152604000,2019-06-19,акт,678,637,595,585,637,698,780,821,821,924,989,1078,1088,1016,1016,945,924,914,914,903,934,996,914,780,20587
152601100,2019-06-19,акт,6600,6200,5800,5700,6200,6800,7600,8000,8000,9000,9600,10500,10600,9900,9900,9200,9000,8900,8900,8800,9100,9700,8900,7600,200500
152601200,2019-06-19,акт,6160,5787,5413,5320,5787,6346,7093,7467,7467,8400,8960,9800,9893,9240,9240,8587,8400,8307,8307,8213,8493,9053,8307,7093,187133
152601700,2019-06-19,акт,440,413,387,380,413,453,507,533,533,600,640,700,707,660,660,613,600,593,593,587,607,647,593,507,13366
152603200,2019-06-19,акт,4596,4325,4036,3937,4315,4756,5375,5631,5286,6034,6408,7147,7155,6559,6499,6126,5965,6007,6097,6066,6311,6834,6166,5266,136897
153715200,2019-06-19,акт,12,12,12,12,12,12,12,15,15,25,25,25,10,10,15,25,25,18,18,12,12,12,12,12,370
153733600,2019-06-19,акт,4,4,4,4,4,4,4,4,8,24,4,16,4,8,12,8,8,4,4,4,4,4,4,4,152
153730001,2019-06-19,акт,64,64,64,64,64,72,65,65,95,89,79,107,100,90,94,100,110,62,78,67,66,74,68,71,1872
153715201,2019-06-19,акт,14,14,14,14,12,10,10,10,95,95,95,95,10,95,96,96,95,10,10,10,10,10,13,14,947
153789902,2019-06-19,акт,4,4,4,4,5,4,5,5,8,8,8,8,6,6,7,8,7,7,5,4,5,4,4,4,134
153789900,2019-06-19,акт,4,4,4,4,5,12,16,16,22,27,28,28,26,25,24,23,31,32,25,24,15,15,14,12,436
153704000,2019-06-19,акт,78,78,78,78,76,82,75,75,190,184,174,202,110,185,190,196,205,72,88,77,76,84,81,85,2819
153701100,2019-06-19,акт,2600,2400,2300,2200,2400,2600,2900,3100,3100,3500,3700,3700,4100,4100,3800,3800,3500,3500,3500,3400,3600,3800,3500,2900,78000
153701200,2019-06-19,акт,2252,2078,1991,1904,2078,2252,2513,2677,2677,3025,3199,3199,3547,3547,3286,3286,3035,3035,3035,2948,3122,3296,3035,2513,67530
153701700,2019-06-19,акт,338,312,299,286,312,338,377,403,403,455,481,481,533,533,494,494,455,455,455,442,468,494,455,377,10140
153701600,2019-06-19,акт,10,10,10,10,10,10,10,20,20,20,20,20,20,20,20,20,10,10,10,10,10,10,10,10,330
153703200,2019-06-19,акт,2072,1898,1811,1724,1900,2056,2326,2487,2244,2573,2786,2718,3281,3128,2848,2830,2554,2830,2807,2750,2934,3093,2839,2311,60800
152704000,2019-06-19,акт,95,89,82,82,89,95,109,116,116,129,136,150,150,143,143,129,129,129,129,129,129,143,129,109,2879
152701100,2019-06-19,акт,1400,1300,1200,1200,1300,1400,1600,1700,1700,1900,2000,2200,2200,2100,2100,1900,1900,1900,1900,1900,1900,2100,1900,1600,42300
152701200,2019-06-19,акт,984,914,845,845,914,984,1123,1193,1193,1333,1403,1540,1540,1472,1472,1333,1333,1333,1333,1333,1333,1472,1333,1123,29681
152701700,2019-06-19,акт,414,384,354,354,384,414,474,504,504,564,594,655,655,624,624,564,564,564,564,564,564,624,564,474,12548
152701800,2019-06-19,акт,2,2,1,1,2,2,3,3,3,3,3,5,5,4,4,3,3,3,3,3,3,4,3,3,71
152703200,2019-06-19,акт,889,825,763,763,825,889,1014,1077,1077,1204,1267,1390,1390,1329,1329,1204,1204,1204,1204,1204,1204,1329,1204,1014,26802
152804001,2019-06-19,акт,2,2,3,4,8,10,15,20,20,25,28,25,10,15,18,20,20,18,10,5,5,4,3,2,292
152804003,2019-06-19,акт,3,3,3,5,5,10,18,20,25,25,20,20,10,15,18,20,15,10,5,5,7,3,4,3,272
152804004,2019-06-19,акт,3,3,4,4,5,10,20,20,15,18,20,25,25,15,25,25,15,10,10,9,9,4,4,4,302
152804005,2019-06-19,акт,20,20,20,20,48,48,48,48,48,48,48,48,48,48,48,48,48,48,48,48,48,20,20,20,956
152804006,2019-06-19,акт,2,2,2,0,0,2,5,22,30,26,31,30,24,24,31,30,29,22,11,8,18,8,5,4,366
152804009,2019-06-19,акт,3,3,2,2,4,7,7,9,15,13,13,10,10,13,13,13,14,12,5,5,4,3,3,3,186
152830001,2019-06-19,акт,0,0,2,3,4,6,3,43,42,3,3,4,7,51,11,14,2,2,0,5,42,0,2,0,249
152830003,2019-06-19,акт,7,7,8,5,8,7,8,10,15,10,57,40,40,6,8,3,7,8,9,9,9,12,10,12,315
152833600,2019-06-19,акт,20,28,20,28,20,28,0,28,64,60,72,60,32,60,64,20,72,36,64,60,40,60,64,60,1060
152833601,2019-06-19,акт,3,3,3,3,5,5,5,3,4,4,4,5,6,6,6,6,6,5,3,3,3,3,3,3,100
152873000,2019-06-19,акт,17,17,8,26,19,27,26,30,43,58,62,43,28,69,64,49,52,33,33,26,36,26,20,27,839
152804007,2019-06-19,акт,2,2,2,2,4,4,10,15,18,20,20,25,15,20,25,15,15,5,5,4,4,3,2,2,239
152804002,2019-06-19,акт,11,11,12,10,13,13,15,18,25,22,75,60,60,12,15,8,11,16,14,15,14,16,14,16,496
152804008,2019-06-19,акт,0,0,0,0,0,0,0,1,1,1,1,1,0,1,0,0,0,0,0,0,0,0,0,0,6
152804010,2019-06-19,акт,2,2,2,2,3,4,8,10,15,18,20,25,25,20,20,15,10,10,8,5,4,3,2,2,235
152804011,2019-06-19,акт,0,0,1,1,1,1,1,2,3,2,2,2,1,2,3,2,2,2,2,1,1,1,1,0,34
152804012,2019-06-19,акт,3,4,3,3,3,5,10,12,14,10,12,15,8,12,13,8,8,4,11,11,11,9,5,4,198
152804000,2019-06-19,акт,246,239,222,215,239,255,287,303,303,342,366,399,399,375,375,351,342,335,335,335,342,366,335,287,7593
152801100,2019-06-19,акт,3100,3000,2800,2700,3000,3200,3600,3800,3800,4300,4600,5000,5000,4700,4700,4400,4300,4200,4200,4200,4300,4600,4200,3600,95300
152801200,2019-06-19,акт,2504,2423,2260,2179,2423,2586,2911,3073,3073,3479,3723,4050,4049,3805,3805,3561,3479,3399,3399,3399,3480,3724,3399,2911,77094
152801700,2019-06-19,акт,579,560,523,504,560,597,672,709,709,803,859,933,933,877,877,821,803,784,784,784,803,859,784,672,17789
152801600,2019-06-19,акт,17,17,17,17,17,17,17,18,18,18,18,17,18,18,18,18,18,17,17,17,17,17,17,17,417
152803200,2019-06-19,акт,2160,2077,1943,1846,2034,2144,2425,2459,2373,2774,2869,3213,3301,3041,3048,2914,2811,2823,2826,2845,2883,3183,2902,2462,63356
152904000,2019-06-19,акт,211,203,189,189,203,218,247,262,262,291,312,342,342,320,320,298,291,291,291,283,298,320,291,247,6521
152901100,2019-06-19,акт,2900,2800,2600,2600,2800,3000,3400,3600,3600,4000,4300,4700,4700,4400,4400,4100,4000,4000,4000,3900,4100,4400,4000,3400,89700
152901200,2019-06-19,акт,2452,2367,2198,2198,2367,2536,2874,3044,3044,3382,3636,3974,3974,3720,3720,3466,3382,3382,3382,3297,3466,3720,3382,2874,75837
152901700,2019-06-19,акт,447,432,401,401,432,463,525,555,555,617,663,725,725,679,679,633,617,617,617,602,633,679,617,525,13839
152901600,2019-06-19,акт,1,1,1,1,1,1,1,1,1,1,1,1,1,1,1,1,1,1,1,1,1,1,1,1,24
152903200,2019-06-19,акт,2241,2164,2009,2009,2164,2318,2627,2782,2782,3091,3324,3632,3632,3400,3400,3168,3091,3091,3091,3014,3168,3400,3091,2627,69316
73115203,2019-06-19,акт,945,1050,1155,1365,1155,1050,210,210,315,420,420,1470,1575,1365,840,1155,1365,1050,315,420,525,1050,1155,945,21525
73113503,2019-06-19,акт,20,20,20,24,36,40,80,116,320,360,400,360,160,280,320,280,160,40,36,36,24,24,20,20,3196
73110900,2019-06-19,акт,105,103,104,105,104,104,129,176,795,794,651,533,431,702,480,478,351,367,339,253,116,113,140,123,7596
73130002,2019-06-19,акт,341,326,312,308,330,338,338,276,124,130,396,388,375,415,427,405,369,126,109,138,280,350,360,364,7325
73130005,2019-06-19,акт,359,300,297,298,287,256,232,183,307,242,293,239,276,236,264,313,297,167,253,181,176,193,202,145,5996
73189909,2019-06-19,акт,82,78,83,84,82,95,100,112,175,178,185,179,130,176,170,190,148,145,134,150,117,145,140,133,3211
73110901,2019-06-19,акт,660,659,653,649,607,549,551,552,680,674,722,768,704,772,768,800,817,824,744,705,676,578,580,574,16266
73104009,2019-06-19,акт,24,20,20,20,16,16,16,16,32,40,40,28,32,32,28,24,24,20,20,12,16,12,16,20,544
73104000,2019-06-19,акт,380,365,336,336,358,394,438,467,467,526,555,613,613,577,577,533,526,518,518,511,533,569,518,438,11666
73101100,2019-06-19,акт,5200,5000,4600,4600,4900,5400,6000,6400,6400,7200,7600,8400,8400,7900,7900,7300,7200,7100,7100,7000,7300,7800,7100,6000,159800
73101200,2019-06-19,акт,4767,4583,4216,4215,4491,4952,5502,5870,5870,6605,6972,7706,7707,7248,7246,6695,6602,6512,6515,6419,6693,7155,6511,5501,146553
73101700,2019-06-19,акт,421,405,372,372,396,437,485,518,518,582,615,680,680,639,639,591,582,574,574,566,591,631,574,485,12927
73101600,2019-06-19,акт,12,12,12,13,13,11,13,12,12,13,13,14,13,13,15,14,16,14,11,15,16,14,15,14,320
73103200,2019-06-19,акт,1851,1662,1236,1026,1516,2110,3408,3762,2655,3241,3310,3128,3411,2693,3372,2517,2545,3255,4047,4013,4230,4121,3380,2739,69228
153203300,2019-06-19,акт,0,0,0,0,0,107,107,75,75,75,75,75,75,75,75,75,75,75,75,75,75,75,75,0,1414
153230000,2019-06-19,акт,28,28,28,27,19,16,18,22,58,64,69,57,28,57,60,53,52,26,19,19,15,19,26,26,834
153230001,2019-06-19,акт,244,247,286,252,227,207,222,238,272,271,279,270,277,309,294,266,271,253,257,232,135,170,198,181,5858
153235700,2019-06-19,акт,4,4,4,3,4,3,6,5,5,5,6,4,7,5,6,5,5,5,4,4,6,5,4,5,114
153235701,2019-06-19,акт,5,4,4,6,7,10,18,20,24,26,26,30,30,28,28,34,28,29,30,30,28,26,24,20,515
153238000,2019-06-19,акт,30,30,30,30,40,40,50,50,30,70,70,20,20,20,40,40,40,40,30,30,30,30,30,30,870
153289904,2019-06-19,акт,1,1,1,1,1,1,1,1,1,1,1,0,1,2,2,1,1,1,1,1,1,1,1,1,25
153289900,2019-06-19,акт,10,10,10,10,10,30,30,40,30,30,20,20,10,40,30,20,20,10,10,10,10,10,10,10,440
153289903,2019-06-19,акт,2,2,2,2,2,2,2,2,2,3,3,3,0,2,2,2,2,2,2,2,2,2,2,2,49
153204000,2019-06-19,акт,780,775,735,750,755,800,800,750,720,700,610,590,700,500,800,800,650,630,700,700,650,650,780,740,17065
153201100,2019-06-19,акт,3500,3300,3100,3100,3300,3600,4000,4300,4300,4800,5100,5600,5600,5300,5300,4900,4800,4700,4700,4700,4900,5200,4700,4000,106800
153201200,2019-06-19,акт,3017,2845,2673,2673,2845,3104,3449,3707,3707,4138,4397,4828,4828,4569,4569,4224,4138,4052,4052,4052,4224,4483,4052,3449,92075
153201700,2019-06-19,акт,483,455,427,427,455,496,551,593,593,662,703,772,772,731,731,676,662,648,648,648,676,717,648,551,14725
153201600,2019-06-19,акт,5,6,6,6,8,8,8,12,15,15,15,15,15,15,12,12,12,10,8,8,8,8,8,8,243
153203200,2019-06-19,акт,2650,2473,2264,2298,2483,2632,2927,3191,3145,3541,3800,4291,4328,3966,3974,3660,3579,3558,3576,3597,3870,4095,3636,3125,80659
153301100,2019-06-19,акт,25900,24600,22800,22600,24500,26800,29900,31800,31800,35400,37800,41600,41800,39200,39000,36200,35600,35000,35100,34700,36000,38400,35000,29800,791300
153301700,2019-06-19,акт,10,425,848,868,844,964,850,800,800,800,800,800,800,800,800,800,800,800,800,800,800,1156,1024,100,18289
153301200,2019-06-19,акт,25890,24175,21952,21732,23656,25836,29050,31000,31000,34600,37000,40800,41000,38400,38200,35400,34800,34200,34300,33900,35200,37244,33976,29700,773011
153303200,2019-06-19,акт,-7654,-8411,-8150,-8940,-7690,-7202,-8637,-11354,-14309,-13216,-11743,-6341,-4793,-6732,-7449,-8823,-12558,-12826,-5777,-2448,-1656,401,-3320,-6718,-186346
153304000,2019-06-19,акт,55,60,1066,3832,3987,4661,7885,9106,10375,10307,11137,9120,8129,7631,8388,7027,9470,9716,2949,191,133,120,120,50,125515
153389900,2019-06-19,акт,2667,2667,2667,2667,2667,2667,2667,2667,2667,2667,2667,2667,2667,2667,2667,2667,2667,2667,2667,2667,2667,2667,2667,2667,64008
153318900,2019-06-19,акт,164,140,164,164,140,152,140,152,242,254,242,266,230,230,242,206,158,164,114,140,164,152,152,152,4324
153330000,2019-06-19,акт,144,176,178,166,164,188,190,178,178,156,214,186,200,166,206,190,172,172,194,202,166,182,222,188,4378
153315201,2019-06-19,акт,24,24,24,24,24,10,10,10,132,168,200,292,276,296,268,108,80,10,10,10,10,10,24,24,2068
153310101,2019-06-19,акт,19,19,18,20,19,19,19,19,137,137,132,143,66,113,150,138,106,49,25,25,25,248,505,457,2608
153335000,2019-06-19,акт,35,35,36,32,35,30,30,50,120,290,290,370,109,370,100,330,362,30,30,60,30,30,33,35,2872
153330002,2019-06-19,акт,244,239,245,241,166,255,226,232,228,243,255,251,234,239,286,335,305,330,332,305,277,272,267,265,6272
153330008,2019-06-19,акт,30192,29226,25704,23526,24144,25056,26520,29940,31230,33594,33606,33846,33882,33420,33342,33222,34038,33888,33756,32748,33384,33162,33306,32580,747312
153130002,2019-06-19,акт,360,480,360,600,360,600,600,480,480,480,600,600,480,480,480,480,240,720,600,480,720,600,480,480,12240
153130003,2019-06-19,акт,975,966,920,891,885,859,830,859,907,947,1053,1090,1087,1134,1197,1226,1258,1256,1253,1232,1211,1165,1134,1205,25540
153189901,2019-06-19,акт,68,72,84,76,70,40,103,85,203,194,234,212,215,227,223,194,242,98,176,154,132,188,56,88,3434
153115002,2019-06-19,акт,128,108,108,96,82,102,76,102,140,184,210,210,204,160,204,198,192,190,180,172,134,114,134,114,3542
153104000,2019-06-19,акт,539,518,476,476,511,560,630,665,665,742,791,875,875,819,819,756,749,735,735,728,756,805,735,623,16583
153101100,2019-06-19,акт,7700,7400,6800,6800,7300,8000,9000,9500,9500,10600,11300,12500,12500,11700,11700,10800,10700,10500,10500,10400,10800,11500,10500,8900,236900
153101200,2019-06-19,акт,6622,6364,5848,5848,6278,6880,7740,8170,8170,9116,9718,10750,10750,10062,10062,9288,9202,9030,9030,8944,9288,9890,9030,7654,203734
153101700,2019-06-19,акт,1078,1036,952,952,1022,1120,1260,1330,1330,1484,1582,1750,1750,1638,1638,1512,1498,1470,1470,1456,1512,1610,1470,1246,33166
153103200,2019-06-19,акт,4552,4220,3900,3709,4370,4719,5501,5979,5775,6569,6830,7763,7889,7242,7139,6434,6521,6031,6086,6178,6335,7018,6491,5144,142395
73389907,2019-06-19,акт,218,205,218,208,206,251,300,293,310,303,340,271,268,340,320,329,311,306,297,279,284,295,297,289,6738
73303300,2019-06-19,акт,181,174,178,175,180,181,170,173,177,186,185,182,188,191,192,188,191,182,180,193,202,194,174,178,4395
73389900,2019-06-19,акт,156,144,147,160,150,280,326,344,392,385,430,416,410,370,365,429,360,305,280,220,205,210,215,190,6889
73389905,2019-06-19,акт,60,63,87,85,90,110,205,195,240,265,265,245,215,200,195,176,170,150,95,90,100,70,65,65,3501
73330000,2019-06-19,акт,100,100,100,100,100,100,100,100,150,300,300,300,300,200,300,300,300,300,200,100,100,100,100,100,4250
73333600,2019-06-19,акт,22,22,22,23,15,13,13,14,30,400,44,50,49,43,45,47,35,20,17,17,37,18,23,23,1042
73304002,2019-06-19,акт,592,590,594,592,520,488,188,540,936,1240,1112,1072,640,716,1104,836,760,1004,1120,944,832,560,523,415,17918
73304000,2019-06-19,акт,290,278,257,253,278,302,338,358,358,398,426,471,471,443,439,406,402,394,394,390,406,435,394,334,8915
73301100,2019-06-19,акт,7200,6900,6400,6300,6900,7500,8400,8900,8900,9900,10600,11700,11700,11000,10900,10100,10000,9800,9800,9700,10100,10800,9800,8300,221600
73301200,2019-06-19,акт,7200,6900,6400,6300,6900,7500,8400,8900,8900,9900,10600,11700,11700,11000,10900,10100,10000,9800,9800,9700,10100,10800,9800,8300,221600
73301800,2019-06-19,акт,1,1,2,2,2,2,3,3,3,4,4,4,4,4,4,4,3,3,3,2,2,2,2,1,65
73303200,2019-06-19,акт,5580,5323,4795,4702,5359,5773,6757,6880,6304,6419,7494,8689,9155,8493,7936,7385,7468,7136,7214,7465,7932,8916,8007,6705,167887
73530002,2019-06-19,акт,5,7,8,10,8,70,50,70,80,80,75,80,90,90,85,80,85,80,70,85,80,10,10,10,1318
73515300,2019-06-19,акт,1,1,1,1,25,20,25,27,25,23,25,19,24,25,23,22,23,24,25,0,0,1,1,1,362
73530001,2019-06-19,акт,7,7,7,5,5,5,5,8,10,10,5,10,10,10,10,10,8,5,5,5,5,7,7,7,173
73533600,2019-06-19,акт,5,5,5,5,5,5,5,30,30,35,40,25,25,20,20,20,20,10,5,5,5,5,5,5,340
73589900,2019-06-19,акт,15,20,20,15,10,10,10,25,30,30,15,15,15,10,10,15,10,10,10,10,15,15,15,15,365
73530000,2019-06-19,акт,7,7,7,7,10,10,15,30,30,40,30,30,30,40,30,30,25,25,20,20,15,10,10,10,488
73504000,2019-06-19,акт,49,47,43,43,47,51,55,59,59,64,69,75,79,72,72,67,67,65,65,65,67,72,65,55,1472
73501100,2019-06-19,акт,2100,2000,1800,1800,2000,2200,2400,2600,2600,2800,3000,3300,3400,3100,3100,2900,2900,2800,2800,2800,2900,3100,2800,2400,63600
73501200,2019-06-19,акт,1858,1770,1593,1593,1770,1947,2123,2300,2300,2478,2655,2920,3009,2743,2743,2566,2566,2478,2478,2478,2566,2743,2478,2023,56178
73501700,2019-06-19,акт,242,230,207,207,230,253,277,300,300,322,345,380,391,357,357,334,334,322,322,322,334,357,322,377,7422
73503200,2019-06-19,акт,1768,1675,1501,1506,1660,1776,1958,2033,2019,2176,2376,2656,2728,2466,2483,2312,2328,2259,2278,2288,2379,2622,2364,1919,51530
153404000,2019-06-19,акт,86,83,75,75,83,90,101,108,108,119,126,140,140,133,133,122,119,119,119,119,122,129,119,101,2669
153401100,2019-06-19,акт,2400,2300,2100,2100,2300,2500,2800,3000,3000,3300,3500,3900,3900,3700,3700,3400,3300,3300,3300,3300,3400,3600,3300,2800,74200
153401700,2019-06-19,акт,245,234,214,214,234,255,285,306,306,336,357,397,397,377,377,346,336,336,336,336,346,367,336,285,7558
153401200,2019-06-19,акт,2155,2066,1886,1886,2066,2245,2515,2694,2694,2964,3143,3503,3503,3323,3323,3054,2964,2964,2964,2964,3054,3233,2964,2515,66642
153403200,2019-06-19,акт,2069,1983,1811,1811,1983,2155,2414,2587,2587,2845,3018,3362,3362,3190,3190,2931,2845,2845,2845,2845,2931,3104,2845,2414,63972
73233600,2019-06-19,акт,20,36,32,18,26,24,18,22,124,74,42,34,28,42,36,20,30,26,24,30,36,20,32,36,830
73289900,2019-06-19,акт,30,45,30,38,38,36,45,272,544,634,634,680,572,642,634,740,695,483,453,362,91,30,30,45,7803
73201100,2019-06-19,акт,4900,4700,4400,4300,4700,5100,5700,6100,6100,6800,7200,8000,8000,7500,7500,6900,6800,6700,6700,6600,6900,7300,6700,5700,151300
73201200,2019-06-19,акт,4255,4082,3821,3733,4080,4426,4948,5291,5289,5897,6244,6938,6937,6508,6507,5986,5901,5816,5818,5731,5991,6341,5819,4951,131310
73201700,2019-06-19,акт,642,615,576,563,615,668,746,799,799,890,943,1048,1048,982,982,904,890,877,877,864,904,956,877,746,19811
73201800,2019-06-19,акт,3,3,3,4,5,6,6,10,12,13,13,14,15,10,11,10,9,7,5,5,5,3,4,3,179
73203200,2019-06-19,акт,3420,3281,3071,3001,3281,3560,3979,4258,4258,4747,5026,5585,5585,5236,5236,4817,4747,4677,4677,4607,4817,5096,4677,3979,105618
153512200,2019-06-19,акт,8,17,16,45,49,42,47,76,191,313,230,151,267,211,291,191,188,188,101,98,114,66,42,24,2966
153589900,2019-06-19,акт,308,308,308,308,310,310,310,285,285,260,260,250,250,260,270,275,275,295,300,300,315,315,315,310,6982
153504000,2019-06-19,акт,500,477,442,442,477,523,581,616,616,686,733,814,814,767,767,709,698,686,686,674,709,756,686,581,15440
153501100,2019-06-19,акт,4300,4100,3800,3800,4100,4500,5000,5300,5300,5900,6300,7000,7000,6600,6600,6100,6000,5900,5900,5800,6100,6500,5900,5000,132800
153501200,2019-06-19,акт,3218,3068,2844,2844,3068,3367,3741,3966,3966,4415,4714,5238,5238,4939,4939,4565,4490,4415,4415,4340,4565,4864,4415,3741,99375
153501700,2019-06-19,акт,1082,1032,956,956,1032,1133,1259,1334,1334,1485,1586,1762,1762,1661,1661,1535,1510,1485,1485,1460,1535,1636,1485,1259,33425
153501600,2019-06-19,акт,0,0,1,1,1,1,0,0,1,1,1,0,1,1,1,1,1,1,1,1,1,1,0,0,17
153503200,2019-06-19,акт,2402,2266,2077,2048,2231,2491,2803,2989,2873,3155,3490,4023,3906,3700,3610,3389,3328,3245,3327,3267,3426,3726,3372,2826,73970
72113502,2019-06-19,акт,110,120,135,130,130,130,315,520,750,880,920,700,800,750,650,610,350,190,130,120,130,125,115,120,8930
72130029,2019-06-19,акт,611,586,590,615,636,612,710,753,863,977,997,1026,974,996,1061,1012,982,953,889,798,648,771,708,763,19531
72114200,2019-06-19,акт,186,186,189,190,206,201,336,890,1184,1204,1188,1208,1045,1181,1153,976,790,689,606,534,487,245,202,187,15263
72114203,2019-06-19,акт,18,18,30,36,36,66,390,1050,1488,1650,1422,1326,696,726,822,1050,1080,1140,1020,900,600,456,114,30,16164
72113100,2019-06-19,акт,207,200,210,202,249,216,374,436,453,453,403,460,452,431,338,290,249,233,209,207,193,200,175,170,7010
72115218,2019-06-19,акт,234,244,254,230,266,220,240,230,254,380,420,310,278,254,280,308,312,272,248,270,360,376,274,218,6732
72113504,2019-06-19,акт,86,131,119,145,148,150,260,382,862,1935,1122,836,482,415,424,430,436,405,1138,1505,1375,342,215,88,13431
72140800,2019-06-19,акт,300,335,221,221,453,559,548,746,1062,1137,931,833,647,710,797,757,698,499,762,669,610,615,529,410,15049
72130005,2019-06-19,акт,8880,9270,8880,8550,9000,8790,8970,9930,10800,10920,10650,11250,11280,10830,11160,11250,11730,11670,11610,11490,11280,11010,10560,10500,250260
72133601,2019-06-19,акт,267,342,134,355,282,245,225,278,285,336,396,440,376,197,565,395,376,303,328,330,324,354,328,285,7746
72130004,2019-06-19,акт,7600,7680,7840,7680,7600,7520,7520,7440,7520,7760,8000,8080,7680,7440,7840,8240,7760,7680,7680,7520,7600,7600,7600,7680,184560
72111300,2019-06-19,акт,33,37,41,41,50,54,35,66,24,125,150,109,142,163,145,116,141,37,18,20,28,40,27,76,1718
72115303,2019-06-19,акт,162,160,168,163,170,168,360,420,445,438,450,408,384,360,363,370,395,405,260,190,170,156,150,163,6878
72115302,2019-06-19,акт,67,61,58,58,57,56,86,409,533,651,485,538,550,545,532,517,475,699,380,422,399,186,74,65,7903
72113501,2019-06-19,акт,398,370,352,352,345,280,368,872,1480,1489,1280,1304,952,1336,1185,864,729,696,665,616,472,512,512,464,17893
72130026,2019-06-19,акт,1730,1780,1490,1660,1650,1820,1430,1220,1570,1760,1670,1620,1450,1590,1580,1650,1750,1630,1640,1660,1530,1400,1560,1670,38510
72130036,2019-06-19,акт,945,965,978,976,926,869,993,1006,977,980,1010,1010,999,1009,1011,1026,925,1000,964,937,961,951,968,837,23223
72133603,2019-06-19,акт,120,121,122,120,123,122,125,130,180,589,420,410,415,410,420,411,400,521,410,420,186,125,122,119,6541
72130007,2019-06-19,акт,31,42,38,37,31,56,142,94,64,120,144,96,64,72,41,32,31,39,34,68,145,95,44,34,1594
72189900,2019-06-19,акт,46,52,52,52,70,73,70,295,368,360,350,350,270,365,365,354,290,120,120,105,48,52,48,46,4321
72172401,2019-06-19,акт,20,20,20,20,20,20,20,160,360,380,340,180,260,180,260,200,100,60,170,140,140,100,20,20,3210
72189902,2019-06-19,акт,27,47,50,61,62,53,75,156,234,223,362,325,233,213,187,143,91,41,36,49,94,156,93,46,3057
72110103,2019-06-19,акт,4,43,45,46,46,45,47,48,82,75,67,141,137,152,138,154,128,79,89,83,79,71,70,71,1940
72135501,2019-06-19,акт,15,15,15,15,15,11,11,11,11,20,20,20,20,22,22,22,22,17,11,11,11,13,15,15,380
72135702,2019-06-19,акт,72,72,72,72,64,72,72,72,96,104,112,112,112,112,120,112,104,104,96,96,80,104,88,80,2200
72114205,2019-06-19,акт,273,261,259,258,271,243,288,347,348,350,341,290,347,374,358,312,314,309,306,307,306,258,266,237,7223
72114207,2019-06-19,акт,179,189,236,189,209,239,209,169,228,242,233,199,236,232,229,218,223,235,218,189,239,208,219,239,5206
72130032,2019-06-19,акт,347,332,311,351,327,308,371,368,361,360,434,516,514,497,479,525,505,404,403,368,356,344,368,363,9512
72110900,2019-06-19,акт,247,98,210,190,197,155,139,162,168,179,221,214,236,278,236,212,277,281,204,162,104,71,70,70,4381
72190013,2019-06-19,акт,2340,2280,2340,2340,2220,2100,1920,1620,1740,1620,1560,1620,1920,2040,2040,2280,2460,2520,2580,2700,2580,2520,2640,2700,52680
72130012,2019-06-19,акт,619,626,586,550,588,575,739,657,697,678,755,715,459,751,806,796,712,750,774,677,660,641,635,660,16106
72138047,2019-06-19,акт,80,80,40,40,40,40,40,40,200,200,200,200,40,120,200,200,200,200,200,160,160,160,160,160,3160
72190004,2019-06-19,акт,11,10,13,8,11,10,13,16,16,32,56,48,16,24,8,17,10,13,11,16,10,14,13,11,407
72189918,2019-06-19,акт,182,145,162,160,159,166,202,297,367,411,438,458,415,317,388,355,302,264,255,251,255,256,243,231,6679
72189940,2019-06-19,акт,22,26,22,27,27,32,43,50,124,226,243,209,220,190,156,186,128,108,68,52,47,36,22,22,2286
72189905,2019-06-19,акт,37,40,43,45,48,50,69,80,128,130,128,130,112,103,95,100,82,73,62,53,48,50,41,40,1787
72189917,2019-06-19,акт,130,44,135,47,127,64,151,175,187,260,107,212,91,188,148,151,61,154,200,140,178,133,49,44,3176
72103304,2019-06-19,акт,4557,4369,4170,4181,4274,3947,3933,4146,4244,4176,4067,4917,5185,5142,5248,5137,4997,5034,5101,5129,5053,4817,5032,4940,111796
72130043,2019-06-19,акт,80,80,80,80,80,80,80,100,100,120,120,120,120,120,120,120,120,120,100,100,100,80,80,80,2380
72103100,2019-06-19,акт,802,806,806,807,805,799,817,876,985,1091,1049,1049,1018,1018,1017,1018,999,958,903,872,840,843,852,835,21865
72103420,2019-06-19,акт,187,85,58,210,835,2157,4241,6904,10498,7439,5250,4076,3951,3608,3545,3716,4011,4321,4742,5635,7587,4511,2164,1051,90782
72144017,2019-06-19,акт,113,116,123,117,113,110,115,131,272,340,416,390,390,414,379,381,376,363,350,322,320,254,125,124,6154
72172404,2019-06-19,акт,120,120,120,60,60,60,60,60,540,680,700,680,640,500,420,400,580,400,240,140,220,280,80,80,7240
72189908,2019-06-19,акт,293,282,274,257,225,219,211,210,239,247,241,254,241,236,232,231,234,242,251,247,248,251,263,272,5900
72137003,2019-06-19,акт,201,197,186,194,192,185,189,249,278,332,398,420,409,420,406,440,398,421,378,377,329,315,299,255,7468
72189962,2019-06-19,акт,216,169,192,204,162,203,176,183,686,717,680,279,254,217,229,206,186,226,209,204,454,664,449,207,7372
72115003,2019-06-19,акт,3840,3840,3840,3840,3840,3840,3840,4380,4380,4380,4380,4140,4140,4140,4140,4140,4140,4260,4380,4380,4380,4380,4380,3960,99360
72138022,2019-06-19,акт,186,188,190,190,190,198,202,204,281,460,301,281,281,301,281,202,301,460,281,202,198,190,188,188,5944
72173001,2019-06-19,акт,1,1,1,1,1,1,2,85,110,190,150,100,90,150,120,100,90,15,2,1,1,1,1,1,1215
72190012,2019-06-19,акт,64,50,56,36,29,30,50,66,50,52,47,45,44,73,52,46,51,62,70,57,68,65,59,59,1281
72189922,2019-06-19,акт,61,50,53,52,48,49,61,111,129,132,128,117,112,103,95,83,96,108,92,78,72,71,65,62,2028
72138010,2019-06-19,акт,88,85,88,86,84,82,84,112,206,230,268,298,286,284,286,278,274,270,267,251,201,150,144,127,4529
72138012,2019-06-19,акт,3,3,6,3,4,10,17,116,230,1011,348,350,357,346,347,339,309,855,251,128,60,11,3,3,5110
72138006,2019-06-19,акт,220,200,180,200,200,180,180,240,260,440,580,640,540,660,660,660,700,680,660,460,320,340,280,260,9740
72138034,2019-06-19,акт,236,228,219,216,214,200,224,461,603,572,613,604,609,586,569,579,566,544,477,446,448,392,301,240,10147
72189959,2019-06-19,акт,64,80,90,90,109,12,12,12,77,70,83,118,86,90,136,90,109,80,12,12,12,77,70,83,1674
72138035,2019-06-19,акт,108,95,92,79,80,81,74,81,84,86,112,115,131,149,144,136,149,146,144,149,144,136,140,130,2785
72138032,2019-06-19,акт,52,54,50,58,76,65,49,44,132,60,55,119,89,108,120,63,101,81,93,42,64,39,95,92,1801
72130001,2019-06-19,акт,460,434,418,403,407,293,340,347,651,1005,1405,1432,1532,1467,1486,1474,1543,1472,1426,1375,1094,710,579,504,22257
72138011,2019-06-19,акт,360,360,360,360,360,525,525,555,675,330,375,420,435,435,435,450,435,615,660,540,270,240,246,270,10236
72138203,2019-06-19,акт,25,25,24,24,24,24,23,61,304,322,396,206,176,178,176,179,177,177,169,150,280,327,268,37,3752
72138029,2019-06-19,акт,60,60,60,60,60,75,75,75,255,690,705,330,315,315,315,300,315,315,300,420,690,660,60,60,6570
72173011,2019-06-19,акт,53,53,53,71,71,96,117,152,181,181,181,157,147,147,147,157,172,172,173,183,173,138,83,73,3131
72138015,2019-06-19,акт,79,77,78,75,73,70,89,128,149,192,236,217,213,191,186,169,179,181,165,143,96,90,77,73,3226
72138014,2019-06-19,акт,384,343,303,312,307,342,406,623,811,1038,1218,1225,1248,1238,1279,1281,1285,1248,1148,1097,997,687,578,442,19840
72104003,2019-06-19,акт,557,530,492,486,527,578,644,684,684,762,813,897,900,844,840,780,768,753,755,748,776,827,753,642,17040
72101100,2019-06-19,акт,66211,62556,58780,53626,53126,64606,80726,87890,88097,117063,104885,115095,114448,108968,112181,99617,97073,91888,91270,94053,98933,98413,94343,73572,2127420
72101200,2019-06-19,акт,57775,54582,51304,46721,46179,56301,70526,76815,76999,102641,91679,100595,100007,95252,98127,87060,84814,80226,79675,82166,86461,85879,82413,64151,1858348
72101700,2019-06-19,акт,7204,6806,6395,5835,5780,7029,8783,9562,9585,12736,11411,12522,12452,11856,12205,10838,10562,9997,9930,10233,10764,10707,10265,8005,231462
72101800,2019-06-19,акт,92,88,81,80,87,96,107,113,113,126,135,148,149,140,139,129,127,125,125,124,128,137,125,106,2820
72103200,2019-06-19,акт,17673,14611,12194,7757,6168,15859,26305,24448,12965,35978,28729,38748,40912,36306,38215,27398,25717,20990,21206,24289,28247,33725,35252,20050,593742
72101701,2019-06-19,акт,1140,1080,1000,990,1080,1180,1310,1400,1400,1560,1660,1830,1840,1720,1710,1590,1570,1540,1540,1530,1580,1690,1540,1310,34790
